{
	"partitions" : [
		{
			"name" : "Top",
			"pins" : [
				{
					"name" : "LEDs[0]",
					"strict" : false
				},
				{
					"name" : "LEDs[1]",
					"strict" : false
				},
				{
					"name" : "LEDs[2]",
					"strict" : false
				},
				{
					"name" : "LEDs[3]",
					"strict" : false
				},
				{
					"name" : "LEDs[4]",
					"strict" : false
				},
				{
					"name" : "LEDs[5]",
					"strict" : false
				},
				{
					"name" : "LEDs[6]",
					"strict" : false
				},
				{
					"name" : "LEDs[7]",
					"strict" : false
				},
				{
					"name" : "SegH[0]",
					"strict" : false
				},
				{
					"name" : "SegH[1]",
					"strict" : false
				},
				{
					"name" : "SegH[2]",
					"strict" : false
				},
				{
					"name" : "SegH[3]",
					"strict" : false
				},
				{
					"name" : "SegH[4]",
					"strict" : false
				},
				{
					"name" : "SegH[5]",
					"strict" : false
				},
				{
					"name" : "SegH[6]",
					"strict" : false
				},
				{
					"name" : "SegL[0]",
					"strict" : false
				},
				{
					"name" : "SegL[1]",
					"strict" : false
				},
				{
					"name" : "SegL[2]",
					"strict" : false
				},
				{
					"name" : "SegL[3]",
					"strict" : false
				},
				{
					"name" : "SegL[4]",
					"strict" : false
				},
				{
					"name" : "SegL[5]",
					"strict" : false
				},
				{
					"name" : "SegL[6]",
					"strict" : false
				},
				{
					"name" : "clk50Mhz",
					"strict" : false
				},
				{
					"name" : "Clr",
					"strict" : false
				},
				{
					"name" : "switches[0]",
					"strict" : false
				},
				{
					"name" : "switches[1]",
					"strict" : false
				},
				{
					"name" : "switches[2]",
					"strict" : false
				},
				{
					"name" : "switches[3]",
					"strict" : false
				},
				{
					"name" : "switches[4]",
					"strict" : false
				},
				{
					"name" : "switches[5]",
					"strict" : false
				},
				{
					"name" : "switches[6]",
					"strict" : false
				},
				{
					"name" : "switches[7]",
					"strict" : false
				}
			]
		}
	]
}